{
  "by_category": {
    "hyperscaler_usa": {
      "count": 315,
      "value_eur": 181212807.30999994,
      "top_suppliers": {
        "TELECOM ITALIA S.P.A.": 60079724.37,
        "ITALWARE SRL": 18507362.770000003,
        "ORACLE ITALIA S.R.L. A SOCIO UNICO": 16461136.45,
        "ORACLE ITALIA - S.R.L.": 8872913.969999999,
        "TELECOM ITALIA SPA": 6423721.039999999
      }
    },
    "italian_commercial": {
      "count": 103,
      "value_eur": 38946598.11,
      "top_suppliers": {
        "ENGINEERING SANITA' ENTI LOCALI": 9990000.0,
        "ENGINEERING INGEGNERIA INFORMATICA S.P.A.": 4637320.323333334,
        "TELECOM ITALIA S.P.A.": 3686331.600166666,
        "TELECOM ITALIA SPA": 3292326.0824999996,
        "ENGINEERING INGEGNERIA INFORMATICA SPA": 3178993.3333333335
      }
    },
    "hyperscaler_eu": {
      "count": 73,
      "value_eur": 21796824.21,
      "top_suppliers": {
        "SAP ITALIA SPA": 3399064.79,
        "DERGA CONSULTING SPA": 1899383.0,
        "IBM ITALIA SPA": 1728675.0,
        "P.A. A.B.S. SRL - PARTNERS ASSOCIATES ADVANCED BUSINESS SOLUTIONS": 1299106.94,
        "ATOS ITALIA S.P.A.": 1230000.0
      }
    },
    "mixed": {
      "count": 51,
      "value_eur": 33995887.26,
      "top_suppliers": {
        "TELECOM ITALIA SPA": 5303757.99,
        "POSTE ITALIANE SPA": 4056788.6475000004,
        "ENTERPRISE SERVICES ITALIA SRL": 4014284.39,
        "POSTEL SPA": 3773051.0069999998,
        "LEONARDO S.P.A.": 2416292.925
      }
    },
    "italian_sovereign": {
      "count": 3,
      "value_eur": 248800.0,
      "top_suppliers": {
        "KNOW2DECIDE SNC DI MARCO E MICHELE SCARPINATO": 180500.0,
        "CE.AS.T. SNC": 45800.0,
        "CENTRO STUDI ALSPES S.R.L.": 22500.0
      }
    }
  },
  "by_hyperscaler": {
    "google": {
      "count": 21,
      "value_eur": 7608794.8
    },
    "aws": {
      "count": 13,
      "value_eur": 1722405.46
    },
    "microsoft": {
      "count": 150,
      "value_eur": 85988047.63999999
    },
    "oracle": {
      "count": 85,
      "value_eur": 72969905.60999998
    },
    "ibm": {
      "count": 35,
      "value_eur": 8732733.959999999
    },
    "salesforce": {
      "count": 11,
      "value_eur": 4190919.84
    }
  },
  "total_ocid": 1039,
  "ocid_with_value": 545,
  "total_value_eur": 276200916.89
}